Name;StationCapacity;Location
Пункт проката велосипедов № 209;54;ст. м. Спортивная (выход №1)
Пункт проката велосипедов № 100;51;Зубовский б-р, д.5, стр.1 (ст. м. Парк Культуры)
Пункт проката велосипедов № 466;48;Продольный пр. (у главного входа ВДНХ)
Пункт проката велосипедов № 700;48;пр-т Мира, д.119, стр.23 (у Москвариума)
Пункт проката велосипедов № 102;45;Зубовская пл., д.3, стр.1
Пункт проката велосипедов № 210;45;Лужнецкая наб. (пересеч. с Новолужнецким пр.)
Пункт проката велосипедов № 464;45;ул. Ботаническая, д.4, стр.6
Пункт проката велосипедов № 157;44;ул. Крымский Вал, д.9, стр.1 (напротив входа в Парк Горького)
Пункт проката велосипедов № 271;40;ул. Мытная, д.74
Пункт проката велосипедов № 104;39;Смоленский б-р, д.22/14
Пункт проката велосипедов № 351;39;ул. Дмитрия Ульянова, д.22, к.1 (ст. м. Академическая)
Пункт проката велосипедов № 211;36;ст. м. Воробьёвы горы (Лужники)
Пункт проката велосипедов № 243;36;Бережковская наб., д.20, стр.19
Пункт проката велосипедов № 323;36;ст. м. Ленинский проспект (южный вестибюль)
Пункт проката велосипедов № 352;36;ул. Академика Хохлова (у входа в ГЗ МГУ)
Пункт проката велосипедов № 453;36;ст. м. Владыкино
Пункт проката велосипедов № 56;36;Берсеневская наб., д.20/2
Пункт проката велосипедов № 710;36;ст. м. Отрадное (выход №2)
Пункт проката велосипедов № 250;35;Пресненская наб., д.6, стр.2 (Москва-Сити, башня Империя)
Пункт проката велосипедов № 212;34;Хамовнический Вал, д.40, стр.1
Пункт проката велосипедов № 231;33;пл. Тверская Застава, д.7
Пункт проката велосипедов № 240;33;Смоленская наб., д.2
Пункт проката велосипедов № 259;33;Саввинская наб., д.9
Пункт проката велосипедов № 360;33;пл. Джавахарлала Неру, д.1 (ст. м. Университет, выход №2)
Пункт проката велосипедов № 718;33;2-я Миусская ул., д.20, стр.3
Пункт проката велосипедов № 201;32;Фрунзенская наб. (пересеч. с 1-ой Фрунзенской ул.)
Пункт проката велосипедов № 207;32;Фрунзенская наб., д.54 (пересеч. с ул. Хамовнический Вал)
Пункт проката велосипедов № 483;32;Комсомольская пл., д.5
Пункт проката велосипедов № 122;30;Цветной б-р., д.34, стр.1
Пункт проката велосипедов № 150;30;ул. Валовая, д.20
Пункт проката велосипедов № 158;30;ул. Крымский Вал, д.3 (ст. м. Октябрьская)
Пункт проката велосипедов № 241;30;ст. м. Краснопресненская
Пункт проката велосипедов № 433;30;пр-т Мира, д.92, стр.2 (ст. м. Рижская)
Пункт проката велосипедов № 465;30;1-я Останкинская ул., д.1
Пункт проката велосипедов № 488;30;ул. Русаковская, д.26
Пункт проката велосипедов № 502;30;3-я Песчаная ул., д.2А, стр.2
Пункт проката велосипедов № 59;30;ул. Большая Якиманка, д.16 (ст. м. Октябрьская (радиальная))
Пункт проката велосипедов № 7;30;Газетный пер., д.6
Пункт проката велосипедов № 728;30;пр-т Андропова, д.1 (ст. м. Технопарк, выход №8)
Пункт проката велосипедов № 776;30;Московский, ул. Радужная, д.1
Пункт проката велосипедов № 844;30;ул. Инженерная, д.1
Пункт проката велосипедов № 22;27;Кремлёвская наб., д.1
Пункт проката велосипедов № 224;27;Краснопресненская наб., д.14, стр.1
Пункт проката велосипедов № 226;27;Краснопресненская наб., д.10, стр.5
Пункт проката велосипедов № 23;27;Москворецкая наб. (Китайгородский пр., д.9, стр.2)
Пункт проката велосипедов № 41;27;Славянская площадь (напротив д.2)
Пункт проката велосипедов № 69;27;Якиманская наб., д.2
Пункт проката велосипедов № 82;27;Болотная пл. (напротив к/т Ударник)
Пункт проката велосипедов № 217;25;ул. Усачева, д.2, стр.1
Пункт проката велосипедов № 125;24;Большая Сухаревская пл., д.2 (ст. м. Сухаревская)
Пункт проката велосипедов № 130;24;Хоромный туп, д.2/6 (ст. м. Красные Ворота)
Пункт проката велосипедов № 218;24;Комсомольский пр-т, д.28 (ст. м. Фрунзенская)
Пункт проката велосипедов № 220;24;ул. Усачева, д.26 (Усачёвский рынок)
Пункт проката велосипедов № 225;24;ул. Красная Пресня, д.25
Пункт проката велосипедов № 255;24;ул. Костикова (2-я Звенигородская ул., д.13, стр.42)
Пункт проката велосипедов № 256;24;Кутузовский пр-т, д.37 (ст. м. Кутузовская)
Пункт проката велосипедов № 316;24;Ленинский пр-т, д.15А
Пункт проката велосипедов № 332;24;ул. Профсоюзная, д.58/32, к.2 (ст. м. Новые Черёмушки, выход №3)
Пункт проката велосипедов № 340;24;ул. Шаболовка, д.32 (ст. м. Шаболовская)
Пункт проката велосипедов № 343;24;ул. Косыгина, д.18, стр.1
Пункт проката велосипедов № 349;24;Университетская пл. (напротив ГЗ МГУ)
Пункт проката велосипедов № 37;24;Чистопрудный б-р (ст. м. Чистые пруды)
Пункт проката велосипедов № 409;24;ул. Долгоруковская, д.20
Пункт проката велосипедов № 435;24;пр-т Мира, д.114Б, стр.2 (ст. м. Алексеевская)
Пункт проката велосипедов № 440;24;пр-т Мира, д.40 (рядом со ст. м. Проспект Мира (кольцевая))
Пункт проката велосипедов № 444;24;пр-т Мира, д.111 (ст. м. ВДНХ, выход к Звёздному бульвару)
Пункт проката велосипедов № 452;24;ст. м. Ботанический сад (выход №4)
Пункт проката велосипедов № 455;24;ул. Краснопрудная, д.13А (ст. м. Красносельская)
Пункт проката велосипедов № 474;24;1-я Останкинская ул., д.55
Пункт проката велосипедов № 475;24;Продольный пр., д.115А (ст. м. ВДНХ, северный вестибюль)
Пункт проката велосипедов № 478;24;ул. Сокольнический Вал, д.8
Пункт проката велосипедов № 523;24;Ленинградский пр-т, д.62А (ст. м. Аэропорт, выход в город к ул. Черняховского)
Пункт проката велосипедов № 537;24;ул. Руставели, д.19 (ст. м. Бутырская)
Пункт проката велосипедов № 538;24;ул. Милашенкова, д.1 (ст. м. Фонвизинская)
Пункт проката велосипедов № 540;24;ст. м. Семёновская
Пункт проката велосипедов № 543;24;ул. Б. Семёновская, д.38, стр.2
Пункт проката велосипедов № 553;24;Ленинградский пр-т, д.32/2
Пункт проката велосипедов № 601;24;ул. Б. Каменщики, д.2 (ст. м. Таганская (радиальная))
Пункт проката велосипедов № 605;24;3-й Крутицкий пер., д.13, стр.2 (ст. м. Пролетарская)
Пункт проката велосипедов № 608;24;Пл. Журавлёва, д.1
Пункт проката велосипедов № 625;24;ул. Автозаводская, д.18
Пункт проката велосипедов № 751;24;ул. 1905 года, д.4, стр.2 (ст. м. Улица 1905 года, выход к ул. Пресненский Вал)
Пункт проката велосипедов № 778;24;ст. м. Филатов Луг (выход №2)
Пункт проката велосипедов № 782;24;Сокольническая пл., д.7
Пункт проката велосипедов № 839;24;Ленинградское ш., д.51 (Северный речной вокзал)
Пункт проката велосипедов № 840;24;ул. Беломорская, д.16А
Пункт проката велосипедов № 858;24;ул. Лескова, д.14
Пункт проката велосипедов № 39;22;ул. Покровка, д.7/9-11
Пункт проката велосипедов № 15;21;Тургеневская пл. (ст. м. Тургеневская)
Пункт проката велосипедов № 198;21;Площадь Курского вокзала
Пункт проката велосипедов № 215;21;ул. Большая Пироговская (напротив д.15/18, стр.1)
Пункт проката велосипедов № 24;21;Москворецкая наб., д.2А
Пункт проката велосипедов № 292;21;ул. Профсоюзная, д.43 (ст. м. Новые Черёмушки, выход №2)
Пункт проката велосипедов № 34;21;пл. Сретенские ворота (напротив д.1)
Пункт проката велосипедов № 341;21;ул. Орджоникидзе, д.11, стр.1/2
Пункт проката велосипедов № 342;21;ул. Мосфильмовская, д.1, стр.4
Пункт проката велосипедов № 350;21;ул. Вавилова, д.55/7
Пункт проката велосипедов № 362;21;Нахимовский пр-т, д.46 (ст. м. Профсоюзная, выход №3)
Пункт проката велосипедов № 415;21;ул. Сущёвский Вал, д.2
Пункт проката велосипедов № 423;21;ул. Шереметьевская, д.27
Пункт проката велосипедов № 424;21;Ленинградский пр-т, д.14, к.1
Пункт проката велосипедов № 430;21;Олимпийский пр-т, д.14
Пункт проката велосипедов № 441;21;пр-т Мира, д.41, стр.2
Пункт проката велосипедов № 450;21;ул. Сергея Эйзенштейна, д.8
Пункт проката велосипедов № 457;21;ул. Бауманская, д.33/2 (ст. м. Бауманская)
Пункт проката велосипедов № 470;21;ул. Академика Королёва, д.8А
Пункт проката велосипедов № 476;21;пр-т Мира, д.142, стр.2 (ст. м. ВДНХ, выход к ул. Кибальчича)
Пункт проката велосипедов № 490;21;ул. Стромынка, д.7, к.4
Пункт проката велосипедов № 500;21;Хорошёвское ш., д.82 (ст. м. Полежаевская)
Пункт проката велосипедов № 503;21;ул. Авиаконструктора Микояна, д.10
Пункт проката велосипедов № 509;21;Ленинградский пр-т, д.73 (ст. м. Сокол, выход №1)
Пункт проката велосипедов № 511;21;Ленинградский пр-т, д.49/2 (ст. м. Аэропорт)
Пункт проката велосипедов № 515;21;МЦК Хорошёво
Пункт проката велосипедов № 520;21;ст. м. Динамо (южный выход)
Пункт проката велосипедов № 539;21;Преображенская пл., д.12 (ст. м. Преображенская площадь)
Пункт проката велосипедов № 57;21;Раушская наб., д.14
Пункт проката велосипедов № 63;21;Пречистенская наб., д.15, стр.2
Пункт проката велосипедов № 672;21;пр-т Андропова, д.27 (ст. м. Коломенская, выход №2)
Пункт проката велосипедов № 674;21;ст. м. Каширская (северный вестибюль)
Пункт проката велосипедов № 71;21;Космодамианская наб., д.22, стр.1
Пункт проката велосипедов № 72;21;Космодамианская наб., д.46/50
Пункт проката велосипедов № 763;21;ул. Новодмитровская, д.2, к.7
Пункт проката велосипедов № 784;21;пр. Невельского, д.6, к.2
Пункт проката велосипедов № 785;21;Шоссе Энтузиастов, д.1, к.2
Пункт проката велосипедов № 843;21;ул. Фестивальная, д.2Б (ст. м. Речной вокзал, выход №2)
Пункт проката велосипедов № 979;21;г. Троицк, Академическая пл., д.3
Пункт проката велосипедов № 988;21;г. Зеленоград, ул. Юности, д.2, стр.1
Пункт проката велосипедов № 115;20;Триумфальная пл., д.2 (вход в сад Аквариум)
Пункт проката велосипедов № 29;20;ул. Тверская, д.8
Пункт проката велосипедов № 295;20;ул. Озёрная, д.31, к.3 (ст. м. Озёрная, выход №4)
Пункт проката велосипедов № 727;20;ул. Краснодонская, д.2А
Пункт проката велосипедов № 9;20;Тверской б-р (напротив д.28)
Пункт проката велосипедов № 103;18;Зубовский б-р, д.4, стр.1
Пункт проката велосипедов № 128;18;ул. Садовая-Спасская (напротив д.26)
Пункт проката велосипедов № 138;18;ул. Земляной Вал, д.14/16, стр.1
Пункт проката велосипедов № 141;18;ул. Земляной Вал, д.33
Пункт проката велосипедов № 154;18;Ленинский пр-т, д. 4 (у главного входа в МИСИС)
Пункт проката велосипедов № 196;18;Сыромятнический пр-д, д.1/4
Пункт проката велосипедов № 208;18;ул. 10-летия Октября (напротив д.29, к.3, ст. м. Спортивная, выход №2)
Пункт проката велосипедов № 213;18;ул. Большая Пироговская (на площади Новодевичьего Монастыря)
Пункт проката велосипедов № 236;18;ул. Малая Грузинская, д.19/2
Пункт проката велосипедов № 238;18;ул. Смоленская, д.8
Пункт проката велосипедов № 245;18;Площадь Киевского вокзала, д.2
Пункт проката велосипедов № 247;18;7-й Ростовский пер., д.11
Пункт проката велосипедов № 265;18;ул. Мытная, д.15
Пункт проката велосипедов № 277;18;МЦК Верхние Котлы
Пункт проката велосипедов № 302;18;пр-т Вернадского, д.11/19
Пункт проката велосипедов № 303;18;пр-т Вернадского, д.14
Пункт проката велосипедов № 328;18;Балаклавский пр-т, д.16 (ст. м. Чертановская, выход №3)
Пункт проката велосипедов № 333;18;ул. Профсоюзная, д.61А (ст. м. Калужская)
Пункт проката велосипедов № 334;18;ул. Профсоюзная, д.104 (ст. м. Беляево, южный вестибюль)
Пункт проката велосипедов № 35;18;ул. Кузнецкий мост, д.13/9, стр.1
Пункт проката велосипедов № 359;18;Ломоносовский пр-т (дублёр, напротив д.1, стр.64)
Пункт проката велосипедов № 377;18;ст. м. Чертановская (выход №5)
Пункт проката велосипедов № 382;18;ул. Профсоюзная, д.91 (ст. м. Беляево, южный вестибюль)
Пункт проката велосипедов № 383;18;ул. Миклухо-Маклая, д.44 (вход в Битцевский парк)
Пункт проката велосипедов № 394;18;Нахимовский пр-т, д.51/21 (ст. м. Профсоюзная, выход №7)
Пункт проката велосипедов № 397;18;ул. Дмитрия Ульянова, д.24 (ст. м. Академическая)
Пункт проката велосипедов № 408;18;ул. Лесная, д.63/43, стр.2
Пункт проката велосипедов № 411;18;ул. Селезнёвская, д.29, стр.1 (ст. м. Достоевская)
Пункт проката велосипедов № 434;18;пр-т Мира, д.102, к.2
Пункт проката велосипедов № 45;18;ул. Тверская, д.31/4, стр.2 (ст. м. Маяковская, выход на Тверскую ул.)
Пункт проката велосипедов № 454;18;Дмитровское ш., д.43, к.1 (ст. м. Петровско-Разумовская, выход №5)
Пункт проката велосипедов № 48;18;1-я Тверская-Ямская ул., д.4 (ст. м. Маяковская, выход на 1-ю Тверскую-Ямскую ул.)
Пункт проката велосипедов № 485;18;Дмитровское ш., д.13А, к.3 (ст. м. Тимирязевская)
Пункт проката велосипедов № 489;18;ст. м. Сокольники
Пункт проката велосипедов № 50;18;ул. Новый Арбат, д.1
Пункт проката велосипедов № 53;18;ул. Новый Арбат, д.21
Пункт проката велосипедов № 62;18;ул. Пречистенка, д.12/2, стр.1
Пункт проката велосипедов № 664;18;ул. Перерва, д.56, к.2 (ст. м. Братиславская, выход №3)
Пункт проката велосипедов № 677;18;ул. Борисовские Пруды (напротив д.19, к.1)
Пункт проката велосипедов № 678;18;ст. м. Борисово (выход №1)
Пункт проката велосипедов № 696;18;ст. м. Селигерская (выход №3)
Пункт проката велосипедов № 73;18;ул. Большая Полянка, д.33/41, стр.1
Пункт проката велосипедов № 760;18;ул. Косыгина, д.28, стр.2
Пункт проката велосипедов № 81;18;ул. Большая Татарская, д.19/13
Пункт проката велосипедов № 829;18;ул. Зои и Александра Космодемьянских, д.23
Пункт проката велосипедов № 83;18;ул. Большая Якиманка (напротив д.18)
Пункт проката велосипедов № 85;18;Котельническая наб., д.1
Пункт проката велосипедов № 852;18;ул. Широкая, д.1, к.1
Пункт проката велосипедов № 962;18;Сколково, Большой бульвар, д.42, стр.2
Пункт проката велосипедов № 989;18;г. Зеленоград, пл. Шокина, д.1
Пункт проката велосипедов № 200;16;Фрунзенская наб. (напротив д.4)
Пункт проката велосипедов № 75;16;Климентовский пер., д.23, стр.1 (ст. м. Третьяковская)
Пункт проката велосипедов № 76;16;ул. Пятницкая, д.25, стр.1Д (рядом со ст. м. Новокузнецкая)
Пункт проката велосипедов № 101;15;ул. Арбат, д.54/2, стр.1
Пункт проката велосипедов № 105;15;Проточный пер., д.11
Пункт проката велосипедов № 108;15;Новинский б-р, 31
Пункт проката велосипедов № 114;15;ул. Садовая-Кудринская, д.25
Пункт проката велосипедов № 118;15;ул. Делегатская, д.9, стр.1
Пункт проката велосипедов № 137;15;ул. Земляной Вал, д.50А, стр.3
Пункт проката велосипедов № 139;15;ул. Народная, д.15/1
Пункт проката велосипедов № 145;15;Павелецкая пл., д.1А, стр.1
Пункт проката велосипедов № 195;15;Новодевичий пр-д (напротив д.2)
Пункт проката велосипедов № 197;15;2-й Сыромятнический пер., д.1
Пункт проката велосипедов № 199;15;Комсомольский пр-т, д.34
Пункт проката велосипедов № 223;15;ул. Мантулинская, д.5, стр.6
Пункт проката велосипедов № 235;15;ул. Большая Грузинская, д.13А, стр.1
Пункт проката велосипедов № 248;15;ул. Б. Дорогомиловская, д.7/2
Пункт проката велосипедов № 276;15;ул. Мосфильмовская, д.55
Пункт проката велосипедов № 279;15;Мичуринский пр-т, д.31, к.4
Пункт проката велосипедов № 281;15;ул. Удальцова, д.40А
Пункт проката велосипедов № 282;15;пр-т Вернадского, д.12
Пункт проката велосипедов № 287;15;пр-т Вернадского, д.86Д
Пункт проката велосипедов № 319;15;Ленинский пр-т, д.69
Пункт проката велосипедов № 320;15;Ленинский пр-т, д.73/8
Пункт проката велосипедов № 324;15;ул. Азовская, д.24, к.3
Пункт проката велосипедов № 335;15;ул. Профсоюзная, д.82, к.1 (ст. м. Калужская)
Пункт проката велосипедов № 336;15;ул. Профсоюзная, д.88/20
Пункт проката велосипедов № 338;15;ул. Новаторов (пересечение с ул. Воронцовские Пруды)
Пункт проката велосипедов № 354;15;Ломоносовский пр-т, д.43/40
Пункт проката велосипедов № 366;15;ст. м. Минская (выход №1)
Пункт проката велосипедов № 384;15;ул. Введенского, д.32
Пункт проката велосипедов № 389;15;ул. 26-ти Бакинских Комиссаров, д.2Б
Пункт проката велосипедов № 421;15;ул. Советской Армии, д.8
Пункт проката велосипедов № 426;15;5-я ул. Ямского поля, д.24
Пункт проката велосипедов № 428;15;ул. Нижняя Масловка, д.5, к.1
Пункт проката велосипедов № 436;15;ул. Большая Переяславская, д.15
Пункт проката велосипедов № 437;15;пр-т Мира, д.109
Пункт проката велосипедов № 438;15;ул. Маломосковская, д.22, стр.1
Пункт проката велосипедов № 447;15;пр-т Мира, д.122
Пункт проката велосипедов № 448;15;Рижский пр., д.6, к.1
Пункт проката велосипедов № 456;15;ул. Нижняя Красносельская, д.40/12, к.11
Пункт проката велосипедов № 486;15;ул. Космонавтов, д.19
Пункт проката велосипедов № 487;15;пр-т Мира, д.97
Пункт проката велосипедов № 491;15;ул. Стромынка, д.13 (пересеч. с ул. Короленко)
Пункт проката велосипедов № 492;15;ул. Стромынка, д.20 (Технологический университет)
Пункт проката велосипедов № 495;15;ул. Преображенский Вал, д.24, к.3
Пункт проката велосипедов № 499;15;4-й Лучевой просек, платформа Маленковская
Пункт проката велосипедов № 501;15;ул. Куусинена, д.13
Пункт проката велосипедов № 504;15;Ходынский б-р, д.3
Пункт проката велосипедов № 505;15;ул. Гризодубовой, д.2
Пункт проката велосипедов № 506;15;пр. Берёзовой Рощи, д.2
Пункт проката велосипедов № 507;15;ул. Новопесчаная, д.10, стр.1
Пункт проката велосипедов № 513;15;Ленинградский пр-т, д.33, к.1
Пункт проката велосипедов № 522;15;Ленинградский пр-т, д.54/1
Пункт проката велосипедов № 527;15;ул. Планетная, д.49
Пункт проката велосипедов № 529;15;ул. Планетная, д.17
Пункт проката велосипедов № 530;15;3-я Песчаная ул., д2А, стр.3
Пункт проката велосипедов № 531;15;Дворцовая аллея (Пл. Космонавта Комарова)
Пункт проката велосипедов № 532;15;ул. Верхняя Масловка, д.10, стр.4
Пункт проката велосипедов № 536;15;пр-т Мира, д.182
Пункт проката велосипедов № 547;15;ул. Народного Ополчения, д.2, к.8 (МЦК Панфиловская, выход №1)
Пункт проката велосипедов № 548;15;ул. Маршала Бирюзова, д.32
Пункт проката велосипедов № 549;15;ул. Генерала Глаголева, д.14
Пункт проката велосипедов № 550;15;ул. Маршала Василевского, д.15 (ст. м. Щукинская, выход №4)
Пункт проката велосипедов № 552;15;ул. Щукинская, д.2
Пункт проката велосипедов № 554;15;Ленинградское ш., д.112, к.1
Пункт проката велосипедов № 555;15;ул. Киевская (напротив д.2)
Пункт проката велосипедов № 556;15;Кутузовский пр-т, д.29
Пункт проката велосипедов № 557;15;наб. Тараса Шевченко, д.23А
Пункт проката велосипедов № 558;15;ул. Киевская, д.18, стр.1 (ст. м. Студенческая)
Пункт проката велосипедов № 559;15;Кутузовский пр-т, д.30
Пункт проката велосипедов № 560;15;пл. Победы, д.2, к.2 (ст. м. Парк Победы, выход №1)
Пункт проката велосипедов № 561;15;Бумажный пр., д.19, стр.10
Пункт проката велосипедов № 562;15;Багратионовский пр-д (ст. м. Фили, выходы 1-2)
Пункт проката велосипедов № 563;15;ул. Новозаводская, д.6
Пункт проката велосипедов № 564;15;ул. Б. Семёновская, д.42
Пункт проката велосипедов № 565;15;Багратионовский пр., д.5
Пункт проката велосипедов № 566;15;ул. Барклая, д.10 (ст. м. Багратионовская)
Пункт проката велосипедов № 568;15;2-я Филёвская ул., д.14
Пункт проката велосипедов № 569;15;ул. Большая Филевская, д.18
Пункт проката велосипедов № 570;15;ст. м. Филёвский парк (выход №1, напротив ул. Минская д.14А)
Пункт проката велосипедов № 572;15;ул. Кастанаевсая, д.42А
Пункт проката велосипедов № 574;15;ул. Малая Филёвская, д.13
Пункт проката велосипедов № 575;15;ул. Герасима Курина, д.16 (ст. м. Славянский бульвар, выход №2)
Пункт проката велосипедов № 576;15;ул. Кастанаевская, д.49
Пункт проката велосипедов № 577;15;ст. м. Кунцевская (выход №2)
Пункт проката велосипедов № 578;15;ул. Алексея Свиридова, д.22, стр.1 (МЦД Кунцево)
Пункт проката велосипедов № 581;15;Рублёвское ш., д.16
Пункт проката велосипедов № 582;15;Рублёвское ш., д.28, к.1
Пункт проката велосипедов № 583;15;Рублёвское ш., д.42
Пункт проката велосипедов № 584;15;"Станция метро ""Крылатское"" (выход №5)"
Пункт проката велосипедов № 585;15;Кременчугская ул., д.11, стр. 8
Пункт проката велосипедов № 588;15;ул. Электрозаводская, д.1
Пункт проката велосипедов № 591;15;ст. м. Молодёжная (выход № 2)
Пункт проката велосипедов № 6;15;Никитский б-р (напротив д.23/14/9)
Пункт проката велосипедов № 600;15;ул. Шарикоподшипниковская, д.24 (ст. м. Дубровка, выход №3)
Пункт проката велосипедов № 603;15;ул. Мастеркова, д.3 (ст. м. Автозаводская)
Пункт проката велосипедов № 604;15;ул. Воронцовская, д.50 (ст. м. Крестьянская Застава)
Пункт проката велосипедов № 606;15;1-я Дубровская ул., д.7/10
Пункт проката велосипедов № 616;15;ст. м. Кожуховская
Пункт проката велосипедов № 619;15;Волгоградский пр-т, д.32, стр.21 (ст. м. Волгоградский пр-т, выход №2)
Пункт проката велосипедов № 622;15;2-й Южнопортовый пр-д, д.12А, к.1, стр.1
Пункт проката велосипедов № 631;15;ул. Б. Каменщики, д.8
Пункт проката велосипедов № 653;15;ул. Красноказарменная, д.1, стр.2
Пункт проката велосипедов № 654;15;Токмаков пер., д.12/20
Пункт проката велосипедов № 655;15;ул. Солдатская, д.15
Пункт проката велосипедов № 661;15;Батайский пр. (напротив д.33)
Пункт проката велосипедов № 662;15;ул. Люблинская, д.112а, стр.3 (ст. м. Марьино)
Пункт проката велосипедов № 668;15;ул. Иловайская (напротив д.12, стр.1) ст. МЦД Перерва
Пункт проката велосипедов № 669;15;ул. Краснодарская, д.76
Пункт проката велосипедов № 679;15;ст. м. Алма-Атинская (выход №2)
Пункт проката велосипедов № 688;15;Бескудниковский б-р, д.35, стр.1
Пункт проката велосипедов № 698;15;Алтуфьевское ш., д.56
Пункт проката велосипедов № 702;15;ул. Судакова, д.11, стр.2
Пункт проката велосипедов № 704;15;ул. Совхозная, д.39
Пункт проката велосипедов № 707;15;ст. м. Савёловская (выход №2)
Пункт проката велосипедов № 713;15;ст. м. Верхние Лихоборы (вход №1)
Пункт проката велосипедов № 719;15;ул. Бутырский Вал, д.32
Пункт проката велосипедов № 725;15;ул. Коломенская, д.3
Пункт проката велосипедов № 726;15;Нагатинская наб. (напротив д.40)
Пункт проката велосипедов № 730;15;Новоданиловская наб., д.10
Пункт проката велосипедов № 733;15;ст. м. Люблино (выход №6)
Пункт проката велосипедов № 735;15;ул. Ставропольская, вл.16
Пункт проката велосипедов № 737;15;ул. Люблинская, д.61
Пункт проката велосипедов № 739;15;ст. м. Волжская (выход №2)
Пункт проката велосипедов № 741;15;ул. Ставропольская, д.27, стр.1
Пункт проката велосипедов № 753;15;"Б. Девятинский пер., д.9 (остановка «Площадь Свободной России"")"
Пункт проката велосипедов № 764;15;ул. Новодмитровская, д.2, к.1
Пункт проката велосипедов № 765;15;ул. Гончарова, 4
Пункт проката велосипедов № 766;15;ул. 8 Марта, д.17 (МЦД Гражданская)
Пункт проката велосипедов № 767;15;Петровско-Разумовский пр., д.23, стр.2
Пункт проката велосипедов № 768;15;ул. Большая Новодмитровская, д.36, стр.9
Пункт проката велосипедов № 769;15;ул. Башиловская, д.21
Пункт проката велосипедов № 773;15;ул. Ясногорская, д.17, к.1
Пункт проката велосипедов № 780;15;ст. м. Ботанический сад (выход №1)
Пункт проката велосипедов № 781;15;ул. Снежная, д.18
Пункт проката велосипедов № 786;15;Шоссе Энтузиастов, д.7А
Пункт проката велосипедов № 788;15;Рязанский пр-т, д.2/2, ст. м. Нижегородская (выход №3)
Пункт проката велосипедов № 789;15;Рязанский пр-т, д.2/1, к.2Г
Пункт проката велосипедов № 790;15;ст. м. Стахановская (выход №2)
Пункт проката велосипедов № 791;15;ул. Михайлова, д.29, к.1
Пункт проката велосипедов № 793;15;Рязанский пр-т, д.12
Пункт проката велосипедов № 795;15;ст. м. Окская (выход №3)
Пункт проката велосипедов № 797;15;ст. м. Улица Дмитриевского (выход №3)
Пункт проката велосипедов № 800;15;ст. м. Мичуринский проспект, выход №2
Пункт проката велосипедов № 801;15;ул. Раменки, д.16
Пункт проката велосипедов № 802;15;ул. Лобачевского, д.114
Пункт проката велосипедов № 805;15;Строгинский б-р, д.14, к.3 (ст. м. Строгино, выход №2)
Пункт проката велосипедов № 808;15;Шелепихинская наб., д.34, к.2
Пункт проката велосипедов № 809;15;ст. м. Беговая (выход №2)
Пункт проката велосипедов № 810;15;МЦК Шелепиха
Пункт проката велосипедов № 812;15;Ленинградский пр-т, д.36, стр.38
Пункт проката велосипедов № 814;15;МЦД Тестовская (выход №2)
Пункт проката велосипедов № 815;15;Шелепихинское ш., д.13 (ст. м. Шелепиха, выход №4)
Пункт проката велосипедов № 818;15;ул. Исаковского, д.27, к.1
Пункт проката велосипедов № 822;15;ул. Кулакова, д.9
Пункт проката велосипедов № 824;15;ул. Таллинская, д.34
Пункт проката велосипедов № 825;15;ул. Таллинская, д.26
Пункт проката велосипедов № 827;15;ул. Твардовского, д.3, к.1
Пункт проката велосипедов № 828;15;ул. Зои и Александра Космодемьянских, д.9 (ст. м. Войковская, выход №6)
Пункт проката велосипедов № 830;15;МЦК Балтийская (выход №1)
Пункт проката велосипедов № 831;15;ул. Большая Академическая, д.35, стр.1
Пункт проката велосипедов № 832;15;ул. Большая Академическая, д.71
Пункт проката велосипедов № 835;15;ул. Онежская, д.9/4, к.А
Пункт проката велосипедов № 836;15;Кронштадский б-р, д.47
Пункт проката велосипедов № 837;15;ул. Смольная, д.2
Пункт проката велосипедов № 838;15;ст. м. Водный Стадион (выход №1)
Пункт проката велосипедов № 841;15;ст. м. Беломорская (выход №1)
Пункт проката велосипедов № 842;15;ул. Фестивальная, д.69
Пункт проката велосипедов № 850;15;пр-д Дежнёва, д.20
Пункт проката велосипедов № 851;15;ул. Полярная, д.20
Пункт проката велосипедов № 853;15;ст. м. Медведково (выход №1)
Пункт проката велосипедов № 854;15;ул. Широкая, д.21
Пункт проката велосипедов № 855;15;ул. Илимская, д.12
Пункт проката велосипедов № 856;15;ст. м. Алтуфьево (выход №1)
Пункт проката велосипедов № 857;15;Лианозовский пр-д, вл.1Г, (ст. МЦД Лианозово)
Пункт проката велосипедов № 859;15;ул. Полярная, д.27, к.1
Пункт проката велосипедов № 86;15;1-я Тверская-Ямская ул., д.11
Пункт проката велосипедов № 865;15;пр-д Дежнёва, д.2А
Пункт проката велосипедов № 866;15;Староватутинский пр-д, д.14
Пункт проката велосипедов № 867;15;ул. Менжинского, д.32 (ст. м. Бабушкинская, выход №4)
Пункт проката велосипедов № 868;15;ул. Менжинского, д.36 (ст. м. Бабушкинская, выход №2)
Пункт проката велосипедов № 869;15;ул. Енисейская, д.11
Пункт проката велосипедов № 870;15;ул. Снежная, д.21/1 (ст. м. Свиблово, выход №5)
Пункт проката велосипедов № 885;15;ст. м. Юго-Западная (выход №4)
Пункт проката велосипедов № 887;15;ул. Кировоградская, д.8, к.3
Пункт проката велосипедов № 888;15;"ст. м. ""Южная"" (выход №5)"
Пункт проката велосипедов № 889;15;ул. Чертановская, д.22
Пункт проката велосипедов № 890;15;ст. м. Пражская (выход №2)
Пункт проката велосипедов № 893;15;ст. м. Улица Старокачаловская (выход №9)
Пункт проката велосипедов № 894;15;ул. Старокачаловская, д.1Б
Пункт проката велосипедов № 895;15;Б-р Дмитрия Донского, д.10
Пункт проката велосипедов № 896;15;ул. Изюмская, д.47
Пункт проката велосипедов № 897;15;ст. м. Улица Скобелевская (выход №1)
Пункт проката велосипедов № 898;15;ст. м. Бульвар Адмирала Ушакова
Пункт проката велосипедов № 899;15;ул. Южнобутовская, д.50, стр.1
Пункт проката велосипедов № 907;15;ул. Братиславская, д.5
Пункт проката велосипедов № 908;15;cт. м. Кузьминки (выход №5)
Пункт проката велосипедов № 965;15;Сколково, ул. Нобеля, д.7
Пункт проката велосипедов № 966;15;Сколково, Большой бульвар, д.42, стр.1
Пункт проката велосипедов № 967;15;Сколково, Большой бульвар, д.30, стр.1
Пункт проката велосипедов № 968;15;Сколково, Большой бульвар, д.7
Пункт проката велосипедов № 969;15;Сколково, Большой бульвар, д.47, к.1
Пункт проката велосипедов № 970;15;Сколково, ул. Блеза Паскаля, д.2
Пункт проката велосипедов № 978;15;г. Троицк, Октябрьский пр-т, д.16Б
Пункт проката велосипедов № 10;14;Страстной б-р (напротив д.8А)
Пункт проката велосипедов № 13;14;Театральный пр., д.5, стр.1 (ст. м. Лубянка)
Пункт проката велосипедов № 18;14;Чистопрудный б-р (напротив д.12, стр.1)
Пункт проката велосипедов № 2;14;Гоголевский б-р (напротив д.17, стр.1)
Пункт проката велосипедов № 206;14;Фрунзенская наб. (пересеч. с 3-ей Фрунзенской ул.)
Пункт проката велосипедов № 30;14;Камергерский пер., д.4
Пункт проката велосипедов № 752;14;ст. м. Баррикадная
Пункт проката велосипедов № 8;14;Тверской б-р (напротив д.17, стр.1)
Пункт проката велосипедов № 391;13;Нахимовский пр-т, д.11 (ст. м. Нахимовский пр-т, выход №4)
Пункт проката велосипедов № 1;12;ст. м. Кропоткинская (выход к Гоголевскому бульвару)
Пункт проката велосипедов № 106;12;Смоленская пл., д.6, стр.1 (рядом со ст. м. Смоленская)
Пункт проката велосипедов № 110;12;Кудринская пл., д.46/54, стр.1
Пункт проката велосипедов № 111;12;ул. Садовая-Кудринская, д.1-3а
Пункт проката велосипедов № 113;12;ул. Садовая-Кудринская, д.32, стр.2
Пункт проката велосипедов № 116;12;ул. Садовая-Триумфальная, д.4/10
Пункт проката велосипедов № 117;12;ул. Садовая-Триумфальная, д.22/31
Пункт проката велосипедов № 119;12;ул. Краснопролетарская (напротив д.2/4, стр.3)
Пункт проката велосипедов № 12;12;Цветной б-р (напротив д.1, ст. м. Трубная)
Пункт проката велосипедов № 120;12;ул. Садовая-Самотечная, д.8
Пункт проката велосипедов № 136;12;ул. Земляной Вал, д.2
Пункт проката велосипедов № 144;12;ул. Земляной Вал, д.52/16, стр.2
Пункт проката велосипедов № 146;12;ул. Верхняя Радищевская, д.22 (ст. м. Таганская)
Пункт проката велосипедов № 147;12;Гончарная наб., д.3, стр.3
Пункт проката велосипедов № 148;12;ул. Новокузнецкая, д.43/16, стр.1 (ст. м. Павелецкая (кольцевая))
Пункт проката велосипедов № 149;12;Павелецкая пл., д.2, стр.2
Пункт проката велосипедов № 152;12;Турчанинов пер., д.3, стр. 1 (ст. м. Парк Культуры)
Пункт проката велосипедов № 202;12;Комсомольский пр-т (пересеч. с 1-ой Фрунзенской ул.)
Пункт проката велосипедов № 204;12;Фрунзенская наб. (пересеч. со 2-й Фрунзенской ул.)
Пункт проката велосипедов № 205;12;Комсомольский пр-т (пересеч. с 3-ей Фрунзенской ул.)
Пункт проката велосипедов № 214;12;ул. Большая Пироговская, д.2, стр.4
Пункт проката велосипедов № 216;12;ул. Большая Пироговская (напротив д.6/25)
Пункт проката велосипедов № 219;12;Комсомольский пр-т, д.48/22 (дублёр, пересеч. с ул. Хамовнический Вал)
Пункт проката велосипедов № 221;12;ул. Красная Пресня, д.21
Пункт проката велосипедов № 222;12;ул. Мантулинская, д.2
Пункт проката велосипедов № 227;12;Звенигородское ш., д.15
Пункт проката велосипедов № 228;12;Шмитовский пр., д.16, стр.2
Пункт проката велосипедов № 229;12;Звенигородское ш., д. 20с2
Пункт проката велосипедов № 230;12;ул. Малая Грузинская, д.41
Пункт проката велосипедов № 232;12;2-я Брестская ул., д.31
Пункт проката велосипедов № 233;12;ул. Гашека, д.2, стр.1
Пункт проката велосипедов № 234;12;ул. Большая Грузинская, д.39
Пункт проката велосипедов № 237;12;ул. Пресненский Вал, д.24
Пункт проката велосипедов № 239;12;Нововаганьковский пер., д.9
Пункт проката велосипедов № 242;12;ул. Веерная, д.30, к.1
Пункт проката велосипедов № 244;12;ул. Плющиха, д.39
Пункт проката велосипедов № 246;12;Кутузовский пр-т, д.7/4, стр.1
Пункт проката велосипедов № 253;12;Комсомольский пр-т, д.5/2
Пункт проката велосипедов № 254;12;Шмитовский пр., д.9/5
Пункт проката велосипедов № 257;12;ул. Генерала Ермолова, д.4
Пункт проката велосипедов № 258;12;ул. Нежинская, д.13
Пункт проката велосипедов № 260;12;ул. Б. Серпуховская, д. 22/21, стр.3 (ст. м. Серпуховская)
Пункт проката велосипедов № 261;12;4-й Добрынинский пер., д.2/10
Пункт проката велосипедов № 262;12;ул. Люсиновская, д.48/50, к.10 (пересеч. с ул. Павла Андреева)
Пункт проката велосипедов № 263;12;ул. Люсиновская, д.12
Пункт проката велосипедов № 264;12;ул. Люсиновская, д.2 (ст. м. Добрынинская)
Пункт проката велосипедов № 267;12;ул. Дубининская, д.25, стр.1
Пункт проката велосипедов № 268;12;ул. Павловская, д.7
Пункт проката велосипедов № 27;12;ул. Большая Никитская (напротив д.13)
Пункт проката велосипедов № 270;12;ул. Шаболовка, д.43, стр.5
Пункт проката велосипедов № 272;12;ул. Большая Тульская, д.13
Пункт проката велосипедов № 273;12;ул. Орджоникидзе (напротив д.5)
Пункт проката велосипедов № 274;12;Звенигородское ш., д.7
Пункт проката велосипедов № 278;12;Варшавское ш., д.12
Пункт проката велосипедов № 28;12;ул. Пушечная, д.11
Пункт проката велосипедов № 280;12;Варшавское ш., д.26 (ст. м. Нагатинская)
Пункт проката велосипедов № 283;12;пр-т Вернадского, д.76А
Пункт проката велосипедов № 284;12;пр-т Вернадского, д.70А
Пункт проката велосипедов № 285;12;ул. Удальцова, д.6
Пункт проката велосипедов № 286;12;ул. Гарибальди, д.20/29, к.2
Пункт проката велосипедов № 288;12;ул. Профсоюзная, д.55
Пункт проката велосипедов № 289;12;Нахимовский пр-т, д.10
Пункт проката велосипедов № 290;12;Варшавское ш., д.58, стр.3
Пункт проката велосипедов № 291;12;Духовской пер., д.19
Пункт проката велосипедов № 293;12;ул. Большая Очаковская, д.7
Пункт проката велосипедов № 3;12;Гоголевский б-р (напротив д.33)
Пункт проката велосипедов № 300;12;Мичуринский пр-т, д.12, к.1
Пункт проката велосипедов № 301;12;пр-т Вернадского, ост. Университетский пр-т
Пункт проката велосипедов № 304;12;Калужская пл., д.1, к.3
Пункт проката велосипедов № 305;12;ул. Кржижановского, вл.22, стр.2
Пункт проката велосипедов № 307;12;ул. Вавилова, д.24
Пункт проката велосипедов № 308;12;ул. Вавилова, д.17
Пункт проката велосипедов № 309;12;ул. Болотниковская (парк им. 70-ти летия Победы)
Пункт проката велосипедов № 31;12;ул. Большая Дмитровка, д.2
Пункт проката велосипедов № 310;12;Ленинский пр-т, д.34/1
Пункт проката велосипедов № 311;12;Ленинский пр-т, д.54
Пункт проката велосипедов № 312;12;Ленинский пр-т, д.60/2
Пункт проката велосипедов № 313;12;Ленинский пр-т, д.64/2
Пункт проката велосипедов № 314;12;Ленинский пр-т, д.86
Пункт проката велосипедов № 315;12;Ленинский пр-т, д.9, стр.3
Пункт проката велосипедов № 317;12;Ленинский пр-т, д.33
Пункт проката велосипедов № 318;12;Ленинский пр-т, д.45
Пункт проката велосипедов № 32;12;ул. Большая Дмитровка, д.5/6, стр.5
Пункт проката велосипедов № 321;12;Ленинский пр-т, д.79
Пункт проката велосипедов № 325;12;ул. Болотниковская, д.34
Пункт проката велосипедов № 329;12;ул. Гарибальди, д.6, к.1
Пункт проката велосипедов № 330;12;ул. Профсоюзная, д.7/12
Пункт проката велосипедов № 331;12;ул. Профсоюзная, д.46, к.1
Пункт проката велосипедов № 337;12;ул. Академика Пилюгина, д.18
Пункт проката велосипедов № 339;12;ул. Обручева, д.16, к.1
Пункт проката велосипедов № 344;12;ул. Косыгина, д.8, стр.2
Пункт проката велосипедов № 345;12;ул. Косыгина, д.2, стр.19
Пункт проката велосипедов № 346;12;Ленинский пр-т, д.27
Пункт проката велосипедов № 347;12;ул. Шверника, д.13, к.1
Пункт проката велосипедов № 348;12;ул. Мосфильмовская, д.17/25
Пункт проката велосипедов № 353;12;ул. Криворожская, д.33Г
Пункт проката велосипедов № 355;12;Ломоносовский пр-т, д.29, к.3 (ст. м. Ломоносовский пр-т, выход №2)
Пункт проката велосипедов № 356;12;Ломоносовский пр-т (дублёр), пересечение с ул. Менделеева
Пункт проката велосипедов № 357;12;Ломоносовский пр-т (дублёр), д.27
Пункт проката велосипедов № 358;12;Ломоносовский пр-т (дублёр), пересечение с ул. Лебедева
Пункт проката велосипедов № 361;12;Ломоносовский пр-т, д.2/62, стр.8
Пункт проката велосипедов № 363;12;Нахимовский пр-т, д.24
Пункт проката велосипедов № 364;12;ул. Марии Ульяновой, д.16
Пункт проката велосипедов № 365;12;ул. Гарибальди, д.1А
Пункт проката велосипедов № 367;12;Севастопольский пр-т, д.28, к.4
Пункт проката велосипедов № 368;12;Симферопольский б-р, д.4
Пункт проката велосипедов № 370;12;ул. Воронцовские Пруды, д.3
Пункт проката велосипедов № 371;12;ул. Новочерёмушкинская, д.71/32
Пункт проката велосипедов № 374;12;ул. Обручева, д.33А
Пункт проката велосипедов № 375;12;ул. Обручева, д.65/54
Пункт проката велосипедов № 376;12;Балаклавский пр-т, д.34, к.1
Пункт проката велосипедов № 378;12;мкрн. Чертаново Северное, д.4, к.401
Пункт проката велосипедов № 379;12;ул. Введенского, д.13А
Пункт проката велосипедов № 38;12;ул. Маросейка, д.9
Пункт проката велосипедов № 380;12;ул. Миклухо-Маклая, д.6
Пункт проката велосипедов № 381;12;ул. Академика Волгина, д.21
Пункт проката велосипедов № 385;12;ул. Островитянова, д.7
Пункт проката велосипедов № 386;12;ул. Островитянова, д.29/120 (ст. м. Коньково, выход №8)
Пункт проката велосипедов № 387;12;ул. Профсоюзная, д.109, Вс.1 (ст. м. Коньково, выход №10)
Пункт проката велосипедов № 388;12;Варшавское ш., д.100
Пункт проката велосипедов № 390;12;ул. Академика Волгина, д.6
Пункт проката велосипедов № 392;12;ул. Улофа Пальме, д.1
Пункт проката велосипедов № 393;12;Нахимовский пр-т, д.45, стр.1
Пункт проката велосипедов № 395;12;ул. Дмитрия Ульянова, д.32А
Пункт проката велосипедов № 396;12;ул. Дмитрия Ульянова, д.46
Пункт проката велосипедов № 399;12;Симферопольский б-р, д.15, к.5
Пункт проката велосипедов № 4;12;ул. Малая Никитская, д.24, стр.2
Пункт проката велосипедов № 40;12;ул. Солянка (напротив д.8)
Пункт проката велосипедов № 400;12;2-й Лесной пер., д.11, стр.2
Пункт проката велосипедов № 401;12;2-я Тверская-Ямская ул., д.54
Пункт проката велосипедов № 402;12;ул. Лесная, д.6
Пункт проката велосипедов № 403;12;ул. Фадеева, д.4
Пункт проката велосипедов № 404;12;ул. Чаянова, д.15
Пункт проката велосипедов № 405;12;ул. Новолесная, д.1/49
Пункт проката велосипедов № 406;12;ул. Новослободская, д.11, стр.1
Пункт проката велосипедов № 407;12;ул. Селезнёвская, д.28
Пункт проката велосипедов № 410;12;2-й Щемиловский пер., д.14
Пункт проката велосипедов № 412;12;ул. Самотечная, д.9
Пункт проката велосипедов № 413;12;ул. Новосущёвская, д.22, стр.8
Пункт проката велосипедов № 414;12;ул. Образцова, д.19А
Пункт проката велосипедов № 416;12;ул. Сущёвский Вал, д.16, стр.1
Пункт проката велосипедов № 417;12;ул. Шереметьевская, д.2 (ст. м. Марьина Роща, выход №5)
Пункт проката велосипедов № 418;12;ул. Сущёвская, д.21, стр.10
Пункт проката велосипедов № 42;12;Георгиевский пер., д.2
Пункт проката велосипедов № 420;12;ул. Советской Армии, д.2, стр.1
Пункт проката велосипедов № 422;12;ул. Советской Армии, д.17/52
Пункт проката велосипедов № 425;12;пр-т Мира, д.49
Пункт проката велосипедов № 429;12;ул. Трифоновская, д.61, к.1
Пункт проката велосипедов № 43;12;Большой Патриарший пер., д.7
Пункт проката велосипедов № 431;12;Олимпийский пр-т, д.22
Пункт проката велосипедов № 432;12;ул. Щепкина, д.61/2, стр.22
Пункт проката велосипедов № 439;12;пр-т Мира, д.11
Пункт проката велосипедов № 442;12;пр-т Мира, д.69, стр.1
Пункт проката велосипедов № 443;12;пр-т Мира, д.97
Пункт проката велосипедов № 445;12;ул. Сергея Эйзенштейна, д.1
Пункт проката велосипедов № 446;12;пр-т Мира, д.163
Пункт проката велосипедов № 449;12;ул. Кибальчича, д.9
Пункт проката велосипедов № 451;12;ул. Сельскохозяйственная, д.17, к.1
Пункт проката велосипедов № 458;12;ул. Старая Басманная, д.21/4, стр.1
Пункт проката велосипедов № 459;12;ул. Каланчёвская, д.15А
Пункт проката велосипедов № 46;12;ул. Тверская, д.18
Пункт проката велосипедов № 460;12;ул. Правды, д.4/19
Пункт проката велосипедов № 461;12;Орликов пер., д.3, стр.7 (со стороны пр-та Академика Сахарова)
Пункт проката велосипедов № 462;12;Рязанский пр., Комсомольская пл., д.2
Пункт проката велосипедов № 463;12;ул. Каланчёвская, д.10, стр.3
Пункт проката велосипедов № 469;12;ул. Академика Королёва, д.15, к.2
Пункт проката велосипедов № 47;12;ул. Каретный Ряд, д.3, стр.11
Пункт проката велосипедов № 471;12;ул. Академика Королёва, д.12Б
Пункт проката велосипедов № 472;12;Звёздный б-р, д.18/1
Пункт проката велосипедов № 473;12;ул. Академика Королёва, д.12А
Пункт проката велосипедов № 479;12;ул. Сокольнический Вал, д.40
Пункт проката велосипедов № 480;12;ул. Яблочкова, д.25
Пункт проката велосипедов № 481;12;ул. Милашенкова, д.12Д
Пункт проката велосипедов № 482;12;ул. Руставели, д.12/13
Пункт проката велосипедов № 484;12;ул. Руставели (напротив д.6, к.5)
Пункт проката велосипедов № 493;12;ул. Краснобогатырская, д.62
Пункт проката велосипедов № 494;12;ул. Краснобогатырская, д.89
Пункт проката велосипедов № 5;12;Никитский б-р (напротив д.11/12, стр.3)
Пункт проката велосипедов № 508;12;ул. Зорге, д.21, стр.3 (МЦК Зорге)
Пункт проката велосипедов № 51;12;ул. Новый Арбат, д.20
Пункт проката велосипедов № 510;12;Чапаевский пер., д.2
Пункт проката велосипедов № 517;12;ул. Таманская, остановка Водная станция Труд
Пункт проката велосипедов № 518;12;ул. Живописная, д.12, к.1
Пункт проката велосипедов № 52;12;Никитский б-р (напротив д.8А/3, стр.1)
Пункт проката велосипедов № 521;12;Ленинградский пр-т, д.44
Пункт проката велосипедов № 524;12;Ленинградский пр-т, д.68
Пункт проката велосипедов № 525;12;ул. Часовая, д.24, стр.3
Пункт проката велосипедов № 528;12;ул. Черняховского, д.4А
Пункт проката велосипедов № 533;12;ул. Полковая, д.1, стр.2
Пункт проката велосипедов № 534;12;ул. Дубовая Роща, д.21 (платформа Останкино)
Пункт проката велосипедов № 535;12;пр-т Мира, д.123
Пункт проката велосипедов № 54;12;пер. Сивцев Вражек, д.26, стр.1
Пункт проката велосипедов № 541;12;ул. Народного Ополчения, д.28, к.1
Пункт проката велосипедов № 542;12;ул. Демьяна Бедного, д.10
Пункт проката велосипедов № 55;12;ул. Пречистенка, д.34
Пункт проката велосипедов № 567;12;2-я Песчаная ул., д.1/18
Пункт проката велосипедов № 571;12;Измайловский пр-т, вл53Ас1
Пункт проката велосипедов № 573;12;Измайловское ш., д.69Д, стр.2 (ст. м. Партизанская, выход №1)
Пункт проката велосипедов № 58;12;Серебряническая наб., д.29
Пункт проката велосипедов № 589;12;Ул. Семёновский Вал, д.10, к.2
Пункт проката велосипедов № 590;12;ст. м. Молодёжная (выход № 1)
Пункт проката велосипедов № 60;12;ул. Мясницкая, д.11
Пункт проката велосипедов № 602;12;ул. Симоновский Вал, д.2
Пункт проката велосипедов № 607;12;ул. Симоновский Вал, д.12, к.2
Пункт проката велосипедов № 61;12;Малая Дмитровка, 15
Пункт проката велосипедов № 610;12;8-я улица Соколиной Горы, д.29/1
Пункт проката велосипедов № 615;12;ул. Таганская, д.31/22
Пункт проката велосипедов № 618;12;ул. Энергетическая, д.16, к.1
Пункт проката велосипедов № 620;12;МЦК Дубровка (выход №2)
Пункт проката велосипедов № 621;12;ул. Автозаводская, д. 17
Пункт проката велосипедов № 623;12;ул. Марксистская, д.22, стр.1
Пункт проката велосипедов № 624;12;ул. Нижегородская, д.16
Пункт проката велосипедов № 629;12;ул. Велозаводская, д.11/1
Пункт проката велосипедов № 652;12;2-я Бауманская ул., д.3
Пункт проката велосипедов № 656;12;ул. Большая Почтовая, д.7, стр.1
Пункт проката велосипедов № 673;12;ст. м. Коломенская (выход №4)
Пункт проката велосипедов № 680;12;ст. м. Зябликово (выход №9)
Пункт проката велосипедов № 682;12;ст. м. Шипиловская (выход №5)
Пункт проката велосипедов № 683;12;ул. Мусы Джалиля, вл.13а
Пункт проката велосипедов № 684;12;ул. Маршала Захарова, д.8, к.1
Пункт проката велосипедов № 685;12;ст. м. Орехово (выход №3)
Пункт проката велосипедов № 686;12;Бескудниковский б-р, д.29, к.1
Пункт проката велосипедов № 687;12;ул. Дубнинская, д.12, к.3
Пункт проката велосипедов № 699;12;ул. Костромская, д.17 (ст. м. Бибирево, выход №2)
Пункт проката велосипедов № 70;12;Лаврушинский пер. (напротив д.4, стр.1)
Пункт проката велосипедов № 701;12;ул. Поречная, д.17/22
Пункт проката велосипедов № 703;12;наб. Тараса Шевченко, д.2/1
Пункт проката велосипедов № 705;12;ул. Годовикова, д.9, стр.14
Пункт проката велосипедов № 706;12;ул. Бутырская, д.5 (ст. м. Савёловская, выход №7)
Пункт проката велосипедов № 708;12;ул. Тимирязевская, д.10/12
Пункт проката велосипедов № 709;12;ул. Тимирязевская, д.38/25
Пункт проката велосипедов № 716;12;Коровинское ш., д. 20 к.1
Пункт проката велосипедов № 720;12;ул. Новосущёвская, д.22, стр.2
Пункт проката велосипедов № 721;12;ул. Николоямская, д.33, стр.1
Пункт проката велосипедов № 722;12;ул. Коломенская, д.21
Пункт проката велосипедов № 723;12;ул. Новинки, д.31
Пункт проката велосипедов № 724;12;ул. Мусы Джалиля (напротив д.5, к.4)
Пункт проката велосипедов № 729;12;ул. Донецкая, д.10
Пункт проката велосипедов № 731;12;Новочеркасский б-р, д.7
Пункт проката велосипедов № 732;12;ул. Маршала Голованова, д.11
Пункт проката велосипедов № 734;12;ул. Бутырская, д.97 (ст. м. Дмитровская, выход №2)
Пункт проката велосипедов № 736;12;Каширское ш., ост. МЦД Москворечье
Пункт проката велосипедов № 738;12;Каширское ш., д.45, стр.21
Пункт проката велосипедов № 74;12;ул. Большая Полянка, д.50/1, стр.1
Пункт проката велосипедов № 740;12;Батайский пр., д.65
Пункт проката велосипедов № 750;12;Краснопресненская наб., д.16, стр.1
Пункт проката велосипедов № 754;12;ул. Рочдельская, д.15, стр.13
Пункт проката велосипедов № 770;12;ул. Вятская, д.27, стр.15
Пункт проката велосипедов № 771;12;ул. Тестовская, д.18 (ст. м. Международная)
Пункт проката велосипедов № 774;12;ст. м. Ясенево (выход №3)
Пункт проката велосипедов № 775;12;ст. м. Новоясеневская (выход №3)
Пункт проката велосипедов № 78;12;ул. Пятницкая, д.48, стр.1
Пункт проката велосипедов № 794;12;ст. м. Новокосино (выход №3)
Пункт проката велосипедов № 796;12;ст. м. Косино (выход №7)
Пункт проката велосипедов № 798;12;ул. Дмитриевского, д.23 (ст. м. Лухмановская, выход №3)
Пункт проката велосипедов № 799;12;ст. м. Некрасовка (выход №6)
Пункт проката велосипедов № 80;12;ул. Пятницкая, д.2/38
Пункт проката велосипедов № 833;12;ул. Михалковская, д.4
Пункт проката велосипедов № 834;12;ул. Михалковская, д.36, стр.1
Пункт проката велосипедов № 84;12;ул. Большая Татарская, д.30
Пункт проката велосипедов № 845;12;Ленинградское ш., д.51
Пункт проката велосипедов № 87;12;Котельническая наб., д.1/15, стр.10
Пункт проката велосипедов № 88;12;Котельническая наб., (напротив д.33)
Пункт проката велосипедов № 89;12;ул. Большая Садовая, д.5, стр.1
Пункт проката велосипедов № 900;12;ул. Люсиновская, д.60
Пункт проката велосипедов № 901;12;Ленинский пр-т, д.21
Пункт проката велосипедов № 902;12;Мичуринский пр-т, д.3
Пункт проката велосипедов № 903;12;ул. Коштоянца, д.33
Пункт проката велосипедов № 904;12;ул. Каховка, д.28, стр.2
Пункт проката велосипедов № 905;12;ул. Новодмитровская, д.1, стр.3
Пункт проката велосипедов № 909;12;Волжский б-р, квартал 114а, к.10
Пункт проката велосипедов № 911;12;ул. Авиационная, д.79, стр.1
Пункт проката велосипедов № 963;12;Сколково, ул. Сикоргского, д.11
Пункт проката велосипедов № 977;12;г. Троицк, ул. Солнечная, д.1
Пункт проката велосипедов № 16;10;ул. Мясницкая, д.10
Пункт проката велосипедов № 296;10;Мичуринский пр-т, д.38 (ст. м. Раменки)
Пункт проката велосипедов № 33;10;Столешников пер. (напротив д.11)
Пункт проката велосипедов № 49;10;ул. Мясницкая, д.39, стр.1
Пункт проката велосипедов № 551;10;1-я Мытищинская ул., д.17
Пункт проката велосипедов № 579;10;ул. Ибрагимова, д.32
Пункт проката велосипедов № 628;10;ул. Велозаводская, д.2
Пункт проката велосипедов № 77;10;ул. Пятницкая, д.37
Пункт проката велосипедов № 203;9;Комсомольский пр-т (пересеч. со 2-ой Фрунзенской ул.)
Пункт проката велосипедов № 249;9;Кутузовский пр-т, д.35/30
Пункт проката велосипедов № 266;9;ул. Нежинская, д.25
Пункт проката велосипедов № 269;9;ул. Матвеевская, д.9
Пункт проката велосипедов № 297;9;Мичуринский пр-т, Олимпийская Деревня, д.4, к.2
Пункт проката велосипедов № 298;9;пр-т Вернадского, д.78, стр.4
Пункт проката велосипедов № 299;9;ул. Академика Анохина, д.12, к.2
Пункт проката велосипедов № 427;9;ул. Правды, д.24, стр.4
Пункт проката велосипедов № 467;9;Гостиничный пр., д.8
Пункт проката велосипедов № 468;9;Дмитровское ш., д.63, к.1
Пункт проката велосипедов № 477;9;3-я Рыбинская ул., д.30
Пункт проката велосипедов № 496;9;Дмитровское ш., д.25
Пункт проката велосипедов № 498;9;пр-т Мира, д.150
Пункт проката велосипедов № 512;9;Ленинградский пр-т, д.39, стр.17
Пункт проката велосипедов № 514;9;пр-т Маршала Жукова, д.28
Пункт проката велосипедов № 516;9;пр-т Маршала Жукова, д.70, к.1 (перекрёсток с ул. Живописной)
Пункт проката велосипедов № 519;9;ул. Генерала Глаголева, д.21
Пункт проката велосипедов № 544;9;3-я Хорошевская ул., д.24, стр.1
Пункт проката велосипедов № 545;9;ул. Народного Ополчения, д.46, к.1
Пункт проката велосипедов № 546;9;ул. Народного Ополчения, д.47, к.1, стр.1
Пункт проката велосипедов № 609;9;ул. Сергия Радонежского, д.2
Пункт проката велосипедов № 611;9;ст. м. Площадь Ильича (выход №3)
Пункт проката велосипедов № 612;9;ул. Золоторожский Вал, д.11, стр.1
Пункт проката велосипедов № 614;9;ул. Самокатная, д.4, стр.8
Пункт проката велосипедов № 617;9;ш. Энтузиастов, д.15/16 (ст. м. Авиамоторная, выход к ул. Красноказарменная)
Пункт проката велосипедов № 630;9;ул. Симоновский Вал, д.13, к.2
Пункт проката велосипедов № 660;9;ул. Донецкая, д.35
Пункт проката велосипедов № 663;9;ул. Перерва, д.40
Пункт проката велосипедов № 665;9;ул. Братиславская, д.20
Пункт проката велосипедов № 666;9;Перервинский б-р, д.21, к.1
Пункт проката велосипедов № 667;9;2-й квартал Капотни, д.18
Пункт проката велосипедов № 670;9;ул. Нагатинская, д.11, к.1
Пункт проката велосипедов № 671;9;ул. Судостроительная, д.14/16
Пункт проката велосипедов № 675;9;Каширское ш., д.33, к.17
Пункт проката велосипедов № 676;9;Каширское ш., д.57, к.1
Пункт проката велосипедов № 681;9;ул. Елецкая, вл.1А (перекрёсток Орехового б-ра и Елецкой ул.)
Пункт проката велосипедов № 692;9;ул. Ангарская, д.17
Пункт проката велосипедов № 693;9;ул. Ангарская, д.69
Пункт проката велосипедов № 694;9;ул. Софьи Ковалевской, д.16
Пункт проката велосипедов № 695;9;Бескудниковский б-р, д.57, к.1
Пункт проката велосипедов № 697;9;Бескудниковский б-р., д.13
Пункт проката велосипедов № 886;9;Чонгарский б-р, д.7
Пункт проката велосипедов № 906;9;ст. м. Текстильщики (выход № 1)
Пункт проката велосипедов № 11;8;Страстной б-р (напротив д.16)
Пункт проката велосипедов № 17;8;Чистопрудный б-р (напротив д.8, стр.1)
Пункт проката велосипедов № 19;8;Покровский б-р (напротив д.8, стр.1)
Пункт проката велосипедов № 20;8;Покровский б-р (напротив д.12, стр.1)
Пункт проката велосипедов № 21;8;Покровский б-р (напротив д.18, стр.18)
Пункт проката велосипедов № 252;6;ул. Льва Толстого, д.14А
